{
  "version": 1,
  "settings": {
    "color": {
      "custom": true,
      "customDuotone": true,
      "customGradient": true,
      "duotone": [
        {
          "colors": [ "#9669a9 ", "#00a794" ],
          "slug": "ddbs5-purple-and-teal",
          "name": "ddbs5 purple and teal"
        },
        {
          "colors": [ "#e22e12", "#ffb4e5" ],
          "slug": "ddbs5-red-and-pink",
          "name": "ddbs5 red and pink"
        },
        {
          "colors": [ "#23a950", "#003982" ],
          "slug": "ddbs5-green-and-navy",
          "name": "ddbs5 green and navy"
        },
        {
          "colors": [ "#006ddf", "#ffe627" ],
          "slug": "ddbs5-blue-and-yellow",
          "name": "ddbs5 blue and yellow"
        },
        {
          "colors": [ "#000000", "#ffffff" ],
          "slug": "black-and-white",
          "name": "Black and white"
        }
      ],
      "gradients": [
        {
          "slug": "ddbs5-purple-to-teal",
          "gradient": "linear-gradient(135deg,#9669a9  0%,#00a794 100%)",
          "name": "ddbs5 purple to teal"
        },
        {
          "slug": "ddbs5-red-to-pink",
          "gradient": "linear-gradient(135deg,#e22e12 0%,#ffb4e5 100%)",
          "name": "ddbs5 red to pink"
        },
        {
          "slug": "ddbs5-green-to-navy",
          "gradient": "linear-gradient(135deg,#23a950 0%,#003982 100%)",
          "name": "ddbs5 green to navy"
        },
        {
          "slug": "ddbs5-blue-to-yellow",
          "gradient": "linear-gradient(135deg,#006ddf 0%,#ffe627 100%)",
          "name": "ddbs5 blue to yellow"
        },
        {
          "slug": "black to white",
          "gradient": "linear-gradient(135deg,#000000 0%,#ffffff 100%)",
          "name": "Black to white"
        }
      ],
      "link": false,
      "palette": [
        {
          "slug": "ddbs5-purple",
          "color": "#9669a9 ",
          "name": "ddbs5 purple"
        },
        {
          "slug": "ddbs5-teal",
          "color": "#00a794",
          "name": "ddbs5 teal"
        },
        {
          "slug": "ddbs5-red",
          "color": "#e22e12",
          "name": "ddbs5 red"
        },
        {
          "slug": "ddbs5-pink",
          "color": "#ffb4e5",
          "name": "ddbs5 pink"
        },
        {
          "slug": "ddbs5-green",
          "color": "#23a950",
          "name": "ddbs5 green"
        },
        {
          "slug": "ddbs5-section-green",
          "color": "#004851",
          "name": "ddbs5 section green"
        },
        {
          "slug": "ddbs5-navy",
          "color": "#003982",
          "name": "ddbs5 navy"
        },
        {
          "slug": "ddbs5-blue",
          "color": "#006ddf",
          "name": "ddbs5 blue"
        },
        {
          "slug": "ddbs5-yellow",
          "color": "#ffe627",
          "name": "ddbs5 yellow"
        },
        {
          "slug": "white",
          "color": "#ffffff",
          "name": "White"
        },
        {
          "slug": "grey-5",
          "color": "#F2F2F2",
          "name": "Grey 5%"
        },
        {
          "slug": "grey-20",
          "color": "#CCCCCC",
          "name": "Grey 20%"
        },
        {
          "slug": "grey-40",
          "color": "#999999",
          "name": "Grey 40%"
        },
        {
          "slug": "grey-60",
          "color": "#666666",
          "name": "Grey 60%"
        },
        {
          "slug": "grey-80",
          "color": "#333333",
          "name": "Grey 80%"
        },
        {
          "slug": "black",
          "color": "#000000",
          "name": "Black"
        }
      ]
    },
    "custom": {},
    "layout": {
      "contentSize": "1110px",
      "wideSize": "1440px"
    },
    "spacing": {
      "customMargin": false,
      "customPadding": false,
      "units": [ "px", "em", "rem", "vh", "vw" ]
    },
    "typography": {
      "customFontSize": true,
      "customLineHeight": false,
      "dropCap": true,
      "fontFamilies": [
          {
            "fontFamily": "-apple-system,BlinkMacSystemFont,\"Segoe UI\",Roboto,Oxygen-Sans,Ubuntu,Cantarell,\"Nunito Sans\",sans-serif",
            "slug": "system-font",
            "name": "System Font"
          },
          {
            "fontFamily": "Nunito Sans, sans-serif",
            "slug": "nunito-sans",
            "name": "Nunito Sans"
          }
      ],
      "fontSizes": [
        {
          "slug": "text",
          "size": 16,
          "name": "text"
        },
        {
          "slug": "h6",
          "size": 16,
          "name": "smallest"
        },
        {
          "slug": "h5",
          "size": 20,
          "name": "small"
        },
        {
          "slug": "h4",
          "size": 24,
          "name": "medium"
        },
        {
          "slug": "h3",
          "size": 28,
          "name": "large"
        },
        {
          "slug": "h2",
          "size": 32,
          "name": "larger"
        },
        {
          "slug": "h1",
          "size": 40,
          "name": "largest"
        }
      ]
    },
    "blocks": {}
  },
  "styles": {
    "color": {
      "text": "var(--wp--preset--color--grey-80)"
    },
    "spacing": {
      "margin": {},
      "padding": {}
    },
    "typography": {},
    "elements": {},
    "blocks": {}
  },
  "customTemplates": [
    {
      "name": "contact-page-template",
      "title": "Contact template",
      "postTypes": [
        "page"
      ]
    },
    {
      "name": "no-title-page-template",
      "title": "No title template",
      "postTypes": [
        "page"
      ]
    }
  ],
  "templateParts": {}
}
